--	CREAR BASE DE DATOS LLAMADA VIDEO_JUEGOS --


--INGRESO JUEGOS

--TABLA STOCK_JUEGOS 
--CAMPOS1 NOMBRE_JUEGOS VARCHAR (50)
--CAMPOS2 TIPO_JUEGO VARCHAR (20)
--CAMPOS3 CANTIDAD INTEGER



INSERT INTO STOCK_JUEGOS VALUES ('BATTLEFIELD 1','ACCION',30);
INSERT INTO STOCK_JUEGOS VALUES ('CALL OF DUTY: BLACK OPS 3','ACCION',25);
INSERT INTO STOCK_JUEGOS VALUES ('CALL OF DUTY: INFINITE WARFARE','ACCION',30);
INSERT INTO STOCK_JUEGOS VALUES ('CALL OF DUTY: MODERN WARFARE','ACCION',25);
INSERT INTO STOCK_JUEGOS VALUES ('DEUS EX: MANKIND DIVIDED','ACCION',25);
INSERT INTO STOCK_JUEGOS VALUES ('DISHONORED 2','AVENTURA',25);
INSERT INTO STOCK_JUEGOS VALUES ('FIREWATCH','AVENTURA',25);
INSERT INTO STOCK_JUEGOS VALUES ('HITMAN','AVENTURA',25);
INSERT INTO STOCK_JUEGOS VALUES ('MAFIA III','AVENTURA',25);
INSERT INTO STOCK_JUEGOS VALUES ('UNCHARTED 4: A THIEF’S END','AVENTURA',25);
INSERT INTO STOCK_JUEGOS VALUES ('DRIVECLUB VR','CARRERAS',25);
INSERT INTO STOCK_JUEGOS VALUES ('EA SPORTS FIFA 17','DEPORTES',30);
INSERT INTO STOCK_JUEGOS VALUES ('NBA 2K17','DEPORTES',30);
INSERT INTO STOCK_JUEGOS VALUES ('PES 2017','DEPORTES',30);
INSERT INTO STOCK_JUEGOS VALUES ('THE LAST OF US REMASTERED','ACCION',25);
INSERT INTO STOCK_JUEGOS VALUES ('THE LAST OF US: LEFT BEHIND','ACCION',25);
INSERT INTO STOCK_JUEGOS VALUES ('NEED FOR SPEED SHIFT ','CARRERAS',25);
INSERT INTO STOCK_JUEGOS VALUES ('NEED FOR SPEED: HOT PURSUIT','CARRERAS',25);
INSERT INTO STOCK_JUEGOS VALUES ('NEED FOR SPEED: THE RUN','CARRERAS',25);
INSERT INTO STOCK_JUEGOS VALUES ('NEED FOR SPEED: MOST WANTED','CARRERAS',25);
INSERT INTO STOCK_JUEGOS VALUES ('NEED FOR SPEED: RIVALS','CARRERAS',25);
INSERT INTO STOCK_JUEGOS VALUES ('EA SPORTS FIFA 16','DEPORTES',25);
INSERT INTO STOCK_JUEGOS VALUES ('PES 2016','DEPORTES',25);



--INGRESO USUARIOS

--TABLA USUARIOS
--CAMPOS1 ID_USER INTEGER
--CAMPOS2 CLAVE VARCHAR (20)


INSERT INTO USUARIOS VALUES (11,'AAA');
INSERT INTO USUARIOS VALUES (13,'BBB');
INSERT INTO USUARIOS VALUES (14,'CCC');
INSERT INTO USUARIOS VALUES (15,'DDD');



--INGRESO JUEGOS CON PRECIO

--TABLA JUEGOS
--CAMPOS1 NOMBRE_JUEGO VARCHAR(50)
--CAMPOS2 TIPO_JUEGO VARCHAR (20)
--CAMPOS3 CANTIDAD INTEGER
--CAMPOS4 PRECIO INTEGER



INSERT INTO JUEGOS VALUES ('BATTLEFIELD 1','ACCION',30,32990);
INSERT INTO JUEGOS VALUES ('CALL OF DUTY: BLACK OPS 3','ACCION',25,32990);
INSERT INTO JUEGOS VALUES ('CALL OF DUTY: INFINITE WARFARE','ACCION',30,35990);
INSERT INTO JUEGOS VALUES ('CALL OF DUTY: MODERN WARFARE','ACCION',25,35990);
INSERT INTO JUEGOS VALUES ('DEUS EX: MANKIND DIVIDED','ACCION',25,22990);
INSERT INTO JUEGOS VALUES ('DISHONORED 2','AVENTURA',25,12990);
INSERT INTO JUEGOS VALUES ('FIREWATCH','AVENTURA',25,21990);
INSERT INTO JUEGOS VALUES ('HITMAN','AVENTURA',25,25990);
INSERT INTO JUEGOS VALUES ('MAFIA III','AVENTURA',25,35990);
INSERT INTO JUEGOS VALUES ('UNCHARTED 4: A THIEF’S END','AVENTURA',25,35990);
INSERT INTO JUEGOS VALUES ('DRIVECLUB VR','CARRERAS',25,35990);
INSERT INTO JUEGOS VALUES ('EA SPORTS FIFA 17','DEPORTES',30,45990);
INSERT INTO JUEGOS VALUES ('NBA 2K17','DEPORTES',30,40990);
INSERT INTO JUEGOS VALUES ('PES 2017','DEPORTES',30,40990);
INSERT INTO JUEGOS VALUES ('THE LAST OF US REMASTERED','ACCION',25,25990);
INSERT INTO JUEGOS VALUES ('THE LAST OF US: LEFT BEHIND','ACCION',25,25990);
INSERT INTO JUEGOS VALUES ('NEED FOR SPEED SHIFT ','CARRERAS',25,25990);
INSERT INTO JUEGOS VALUES ('NEED FOR SPEED: HOT PURSUIT','CARRERAS',25,25990);
INSERT INTO JUEGOS VALUES ('NEED FOR SPEED: THE RUN','CARRERAS',25,15990);
INSERT INTO JUEGOS VALUES ('NEED FOR SPEED: MOST WANTED','CARRERAS',25,25990);
INSERT INTO JUEGOS VALUES ('NEED FOR SPEED: RIVALS','CARRERAS',25,25990);
INSERT INTO JUEGOS VALUES ('EA SPORTS FIFA 16','DEPORTES',25,18990);
INSERT INTO JUEGOS VALUES ('PES 2016','DEPORTES',25,12990);



--INGRESO VENTAS PARA INFORME

--TABLA VENTAS
--CAMPOS1 NOMBRE_JUEGO VARCHAR(50)
--CAMPOS2 CANTIDAD INTEGER
--CAMPOS3 PRECIO INTEGER
--CAMPOS4 TOTAL INTEGER



INSERT INTO VENTAS VALUES ('BATTLEFIELD 1',5,32990,164950);
INSERT INTO VENTAS VALUES ('CALL OF DUTY: BLACK OPS 3',3,32990,98970);
INSERT INTO VENTAS VALUES ('CALL OF DUTY: INFINITE WARFARE',6,35990,215940);
INSERT INTO VENTAS VALUES ('CALL OF DUTY: MODERN WARFARE',8,35990,287920);
INSERT INTO VENTAS VALUES ('DEUS EX: MANKIND DIVIDED',9,22990,206910);
INSERT INTO VENTAS VALUES ('DISHONORED 2',2,12990,25980);
INSERT INTO VENTAS VALUES ('FIREWATCH',12,21990,263880);
INSERT INTO VENTAS VALUES ('HITMAN',21,25990,545790);
INSERT INTO VENTAS VALUES ('MAFIA III',22,35990,791780);
INSERT INTO VENTAS VALUES ('UNCHARTED 4: A THIEF’S END',8,35990,287920);
INSERT INTO VENTAS VALUES ('DRIVECLUB VR',5,35990,179950);
INSERT INTO VENTAS VALUES ('EA SPORTS FIFA 17',44,45990,2023560);
INSERT INTO VENTAS VALUES ('NBA 2K17',33,40990,1352670);
INSERT INTO VENTAS VALUES ('PES 2017',30,40990,1229700);
INSERT INTO VENTAS VALUES ('THE LAST OF US REMASTERED',12,25990,311880);
INSERT INTO VENTAS VALUES ('THE LAST OF US: LEFT BEHIND',21,25990,545790);
INSERT INTO VENTAS VALUES ('NEED FOR SPEED SHIFT ',22,25990,571780);
INSERT INTO VENTAS VALUES ('NEED FOR SPEED: HOT PURSUIT',24,25990,623760);
INSERT INTO VENTAS VALUES ('NEED FOR SPEED: THE RUN',21,15990,335790);
INSERT INTO VENTAS VALUES ('NEED FOR SPEED: MOST WANTED',12,25990,311880);
INSERT INTO VENTAS VALUES ('NEED FOR SPEED: RIVALS',14,25990,363860);
INSERT INTO VENTAS VALUES ('EA SPORTS FIFA 16',16,18990,303840);
INSERT INTO VENTAS VALUES ('PES 2016',18,12990,233820);





